hotel_id,name_th,name_en,name_ja,ward,tier,price_range,nearest_station_id,walk_time_min,highlights,description_th,description_en
H_GRACERY_SHINJUKU,โรงแรมเกรเซอรี ชินจูกุ (โรงแรมก็อดซิลล่า),Hotel Gracery Shinjuku,ホテルグレイスリー新宿,Shinjuku,Mid-Scale / Business,"3,500 - 6,500 บาท/คืน",ST_SHINJUKU,5,หัวก็อดซิลล่าขนาดยักษ์บนระเบียงชั้น 8 ย่านคาบูกิโจ เดินทางสะดวกใกล้สถานีชินจูกุ,โรงแรมแลนด์มาร์กยอดนิยมใจกลางย่านคาบูกิโจ ชินจูกุ มีหัวก็อดซิลล่าขนาดยักษ์พ่นควันส่งเสียงคำราม ห้องพักสะอาดทันสมัย แยกห้องอาบน้ำและห้องส้วมสไตล์ญี่ปุ่น ใกล้ร้านอาหาร แหล่งช้อปปิ้ง และสถานีรถไฟชินจูกุ,"Iconic hotel in Kabukicho, Shinjuku featuring a life-sized Godzilla head on the terrace. Modern rooms with Japanese-style bathrooms, walking distance to Shinjuku Station."
H_TOKYO_STATION_HOTEL,โรงแรมเดอะ โตเกียว สเตชั่น โฮเทล,The Tokyo Station Hotel,東京ステーションホテル,Chiyoda,Luxury,"15,000 - 30,000 บาท/คืน",ST_TOKYO,1,โรงแรมระดับ 5 ดาวภายในอาคารอิฐแดงสถานีโตเกียว สถาปัตยกรรมคลาสสิกตั้งแต่ปี 1915,โรงแรมหรูระดับตำนานตั้งอยู่ภายในอาคารประวัติศาสตร์อิฐแดงของสถานีโตเกียว ออกแบบสไตล์ยุโรปคลาสสิก เพดานสูง โปร่งสบาย บริการระดับเวิลด์คลาส เชื่อมต่อกับรถไฟชินคันเซ็นและสายต่างๆ ได้ทันที,A prestigious 5-star luxury hotel located inside the iconic red-brick Tokyo Station building dating back to 1915. Direct access to Shinkansen and Tokyo Metro.
H_SHIBUYA_STREAM_EXCEL,ชิบูย่า สตรีม เอ็กเซล โฮเทล โทคิว,Shibuya Stream Excel Hotel Tokyu,渋谷ストリームエクセルホテル東急,Shibuya,Mid-Scale / Business,"5,500 - 9,500 บาท/คืน",ST_SHIBUYA,2,เชื่อมตรงกับสถานีชิบูย่า ดีไซน์โมเดิร์นวินเทจ อยู่ในคอมเพล็กซ์ Shibuya Stream,โรงแรมทันสมัยใจกลางชิบูย่า เชื่อมตรงสู่สถานีชิบูย่าโดยไม่ต้องออกนอกอาคาร รายล้อมด้วยร้านอาหาร คาเฟ่ริมลำธารชิบูย่า และห้าแยกชิบูย่า,"Stylish design hotel directly connected to Shibuya Station, featuring vintage-modern decor and convenient access to Shibuya Crossing and dining complexes."
H_ASAKUSA_VIEW,โรงแรมอาซากุสะ วิว โฮเทล,Asakusa View Hotel,浅草ビューホテル,Taito,Mid-Scale / Business,"3,000 - 6,000 บาท/คืน",ST_ASAKUSA,6,วิวพาโนรามาเห็นทั้งวัดเซ็นโซจิและโตเกียวสกายทรี อาหารเช้าบุฟเฟต์ชื่อดัง,โรงแรมสูงเด่นในย่านอาซากุสะ มีห้องพักที่สามารถชมวิววัดเซ็นโซจิและโตเกียวสกายทรีได้อย่างชัดเจน ใกล้ถนนคนเดินนากามิเสะและสถานีรถไฟ,"Renowned hotel offering panoramic views of Senso-ji Temple and Tokyo Skytree, famous breakfast buffet and close to traditional shopping streets."
H_CANDEO_UENO,คันเดโอ โฮเทลส์ อุเอโนะ พาร์ค,Candeo Hotels Ueno Park,カンデオホテルズ上野公園,Taito,Budget / Mid-Scale,"2,500 - 4,500 บาท/คืน",ST_UENO,6,ราคาย่อมเยา ใกล้สวนอุเอโนะ ตลาดอะเมโยโกะ และรถไฟ Keisei Skyliner สู่สนามบินนาริตะ,ที่พักคุณภาพเยี่ยมราคาสบายกระเป๋า เตียงนอนสบายตามมาตรฐาน Candeo เดินเพียงไม่กี่นาทีถึงสวนอุเอโนะและตลาดอะเมโยโกะ เหมาะสำหรับนักเดินทางที่ต้องเดินทางไป-กลับสนามบินนาริตะ,"Comfortable and budget-friendly hotel near Ueno Park, Ameyoko Market, and Keisei Skyliner with swift access to Narita Airport."
H_MITSUI_GARDEN_GINZA,โรงแรมมิตซุย การ์เดน กินซ่า พรีเมียร์,Mitsui Garden Hotel Ginza Premier,三井ガーデンホテル銀座プレミア,Chuo,Luxury / Upper-Scale,"7,000 - 13,000 บาท/คืน",ST_GINZA,7,ล็อบบี้ลอยฟ้าชั้น 16 มองเห็นวิวอ่าวโตเกียวและโตเกียวทาวเวอร์ เดินถึงย่านช้อปปิ้งกินซ่า,โรงแรมระดับพรีเมียมในย่านกินซ่า ล็อบบี้และบาร์ตั้งอยู่บนชั้นสูงพร้อมวิวระฟ้าอันงดงามของโตเกียวทาวเวอร์ ห้องน้ำมีอ่างแช่ตัวชมวิวเมือง ย่านช้อปปิ้งหรูหรา,"Chic premier hotel in Ginza with a 16th-floor sky lobby overlooking Tokyo Tower and Tokyo Bay, offering stylish rooms with skyline bathroom views."
H_DORM_INN_AKIHABARA,ดอร์มี อินน์ อากิฮาบาระ (พร้อมบ่อออนเซ็น),Dormy Inn Akihabara Hot Springs,すえひろの湯 ドーミーイン秋葉原,Chiyoda,Budget / Mid-Scale,"2,800 - 4,800 บาท/คืน",ST_AKIHABARA,5,มีบ่อออนเซ็นกลางแจ้งบนดาดฟ้า บริการราเมนราตรี (Yonaki Soba) ฟรีทุกคืน,โรงแรมยอดนิยมขวัญใจนักท่องเที่ยว มีบ่อน้ำพุร้อนออนเซ็นกลางแจ้งบนชั้นดาดฟ้าและห้องซาวน่า พร้อมเสิร์ฟราเมงซีอิ๊วญี่ปุ่นร้อนๆ ฟรีช่วงดึก อยู่ใจกลางย่านอนิเมะอากิฮาบาระ,"Popular hotel in Akihabara featuring open-air rooftop hot spring baths, saunas, and complimentary evening Yonaki Soba ramen."
H_PRINCE_GALLERY_KIOICHO,เดอะ ปรินซ์ แกลเลอรี โตเกียว คิโออิโจ (โรงแรม 5 ดาว),"The Prince Gallery Tokyo Kioicho, Luxury Collection",ザ・プリンスギャラリー 東京紀尾井町,Chiyoda,Ultra Luxury,"18,000 - 35,000 บาท/คืน",ST_ROPPONGI,10,โรงแรมหรูบนชั้น 30-36 วิวเมืองโตเกียวแบบพาโนรามา สปา สระว่ายน้ำในร่มกระจกสูง,โรงแรมหรูระดับแนวหน้าของโตเกียว ตั้งอยู่บนชั้น 30-36 ของ Tokyo Garden Terrace Kioicho มองเห็นทิวทัศน์มุมกว้างของมหานคร พร้อมสปาระดับไฮเอนด์และห้องอาหารหรู,"An ultra-luxury hotel on floors 30-36 of Tokyo Garden Terrace Kioicho, offering breathtaking skyline vistas, world-class dining, and an indoor glass swimming pool."
H_SUPER_HOTEL_SHINJUKU,ซูเปอร์ โฮเทล ชินจูกุ คาบูกิโจ,Super Hotel Shinjuku Kabukicho,スーパーホテル新宿・歌舞伎町,Shinjuku,Budget,"2,000 - 3,500 บาท/คืน",ST_SHINJUKU,7,บ่อออนเซ็นธรรมชาติในโรงแรม มีหมอนให้เลือก 8 แบบ ราคาสุดคุ้มใจกลางชินจูกุ,ที่พักราคาย่อมเยายอดนิยมใจกลางชินจูกุ มีบ่อน้ำพุร้อนออนเซ็นธรรมชาติแยกชาย-หญิงให้แช่ฟรี มีหมอนให้เลือกตามสรีระ อาหารเช้าออร์แกนิกฟรี,"Excellent value budget hotel in Shinjuku featuring natural hot spring baths, custom pillow selections, and healthy buffet breakfasts."
H_HOTEL_VILLA_FONTAINE_ROPPONGI,โรงแรมวิลล่า ฟอนเทน แกรนด์ รปปงงิ,Hotel Villa Fontaine Grand Tokyo-Roppongi,ホテルヴィラフォンテーヌグランド東京六本木,Minato,Mid-Scale / Business,"4,000 - 7,000 บาท/คืน",ST_ROPPONGI,5,เชื่อมต่อตรงสถานีรถไฟ สะดวก ปลอดภัย ใกล้ Roppongi Hills และย่านกินดื่มราตรี,โรงแรมสไตล์บิสซิเนสระดับพรีเมียม เชื่อมต่อโดยตรงกับทางออกสถานีรถไฟ สะดวกสบาย เงียบสงบ ปลอดภัย ใกล้ศูนย์การค้า Roppongi Hills และพิพิธภัณฑ์ศิลปะ,"Business-chic hotel directly connected to the subway station, walking distance to Roppongi Hills and cultural landmarks."
