place_id,name_th,name_en,name_ja,ward,category,latitude,longitude,description_th,description_en,opening_hours,admission_fee,nearest_station_id,walk_time_min
P_SENSOJI,วัดเซ็นโซจิ (วัดอาซากุสะ),Senso-ji Temple,浅草寺,Taito,Temple & Shrine,35.714765,139.796655,วัดเซ็นโซจิเป็นวัดพุทธที่เก่าแก่ที่สุดในกรุงโตเกียว สร้างขึ้นในปี ค.ศ. 628 มีเอกลักษณ์คือประตูคามินาริโมง (Kaminarimon) ที่แขวนโคมแดงยักษ์อันเลื่องชื่อ ภายในมีถนนคนเดินนากามิเสะ (Nakamise-dori) ทอดยาวกว่า 250 เมตร เต็มไปด้วยร้านขายขนมพื้นเมือง เช่น ขนมเซมเบ้ มันจูทอด และของที่ระลึกดั้งเดิม เป็นจุดหมายยอดนิยมที่ผู้คนมาสักการะองค์เจ้าแม่กวนอิมเพื่อขอพรเรื่องความสุขและความสำเร็จ,"Senso-ji is Tokyo's oldest and most significant Buddhist temple, founded in 628 AD. Famous for its colossal red paper lantern at the Kaminarimon (Thunder Gate) and the vibrant Nakamise shopping street offering traditional snacks and souvenirs.",06:00 - 17:00 (ตัวโบสถ์หลัก) / บริเวณวัดเปิด 24 ชั่วโมง,เข้าชมฟรี,ST_ASAKUSA,5
P_TOKYO_SKYTREE,โตเกียวสกายทรี,Tokyo Skytree,東京スカイツリー,Sumida,Landmark & Viewpoint,35.710063,139.8107,โตเกียวสกายทรีเป็นหอคอยกระจายเสียงที่สูงที่สุดในโลก ด้วยความสูง 634 เมตร ด้านบนมีจุดชมวิว 2 ชั้น ได้แก่ Tembo Deck (ความสูง 350 เมตร) และ Tembo Galleria (ความสูง 450 เมตร) ที่สามารถมองเห็นทิวทัศน์ของมหานครโตเกียวแบบ 360 องศา และในวันที่ฟ้าโปร่งสามารถมองเห็นภูเขาไฟฟูจิได้อย่างชัดเจน ที่ฐานหอคอยมีศูนย์การค้า Tokyo Solamachi และพิพิธภัณฑ์สัตว์น้ำ Sumida Aquarium,"Tokyo Skytree is the world's tallest freestanding broadcast tower at 634 meters. Features two observation decks offering panoramic 360-degree views of Tokyo and Mount Fuji on clear days, with the large Solamachi shopping complex at its base.",10:00 - 21:00 (รอบสุดท้าย 20:00),"ผู้ใหญ่เริ่มต้น 2,100 เยน (ขึ้นอยู่กับชั้นชมวิว)",ST_OSHIAGE,2
P_SHIBUYA_CROSSING,ห้าแยกชิบูย่าและรูปปั้นฮาจิโกะ,Shibuya Crossing & Hachiko Statue,渋谷スクランブル交差点,Shibuya,Landmark & Viewpoint,35.659482,139.700553,"ห้าแยกชิบูย่าเป็นทางข้ามถนนที่มีผู้คนสัญจรพลุกพล่านที่สุดในโลก โดยมีคนเดินข้ามมากถึง 3,000 คนต่อหนึ่งสัญญาณไฟเขียว รายล้อมด้วยป้ายโฆษณาจอยักษ์แสงสีนีออน ใกล้กันมีรูปปั้นสุนัขยอดกตัญญู 'ฮาจิโกะ' ซึ่งเป็นจุดนัดพบยอดนิยมของชาวโตเกียว นักท่องเที่ยวสามารถชมวิวมุมสูงของห้าแยกได้จาก Shibuya Sky หรือร้านกาแฟชื่อดังรอบแยก","The world's busiest pedestrian crossing, accommodating up to 3,000 people per green light. Surrounded by neon screens and adjacent to the iconic bronze statue of loyal dog Hachiko outside Shibuya Station.",เปิด 24 ชั่วโมง,เข้าชมฟรี,ST_SHIBUYA,1
P_MEIJI_JINGU,ศาลเจ้าเมจิ,Meiji Jingu Shrine,明治神宮,Shibuya,Temple & Shrine,35.676398,139.699326,"ศาลเจ้าชินโตที่สร้างขึ้นเพื่ออุทิศถวายแด่จักรพรรดิเมจิและจักรพรรดินีโชเก็ง ตั้งอยู่ท่ามกลางผืนป่าธรรมชาติอันเงียบสงบกว่า 100,000 ต้นใจกลางโตเกียว ทางเข้ามีเสาโทริอิไม้ขนาดใหญ่ ซุ้มถังสาเกบูชา และเส้นทางเดินกรวดอันร่มรื่น เป็นสถานที่ศักดิ์สิทธิ์ที่นิยมจัดพิธีแต่งงานแบบชินโตดั้งเดิมและขอพรปีใหม่ (Hatsumode)","A tranquil Shinto shrine dedicated to Emperor Meiji and Empress Shoken, nestled within a lush 170-acre evergreen forest in the heart of Tokyo. Known for its massive wooden torii gates and vibrant sake barrel displays.",เปิดตั้งแต่พระอาทิตย์ขึ้นจนถึงพระอาทิตย์ตก (ประมาณ 05:00 - 18:00),เข้าชมฟรี (ส่วนสวนชั้นใน Inner Garden มีค่าเข้า 500 เยน),ST_HARAJUKU,3
P_TOKYO_TOWER,โตเกียวทาวเวอร์,Tokyo Tower,東京タワー,Minato,Landmark & Viewpoint,35.65858,139.745433,หอคอยสื่อสารโครงเหล็กสีส้มขาวอันเป็นสัญลักษณ์คลาสสิกของโตเกียว สร้างขึ้นในปี ค.ศ. 1958 ด้วยความสูง 333 เมตร ได้รับแรงบันดาลใจจากหอไอเฟลในปารีส มีจุดชมวิว Main Deck (150 เมตร) และ Top Deck (250 เมตร) ในยามค่ำคืนจะมีการเปิดไฟประดับสวยงาม (Light-up) เปลี่ยนตามฤดูกาลและเทศกาล,"Built in 1958, this 333-meter retro-chic communications tower was modeled after Paris's Eiffel Tower. Features observation decks at 150m and 250m, glowing with spectacular seasonal illuminations at night.",09:00 - 22:30,"Main Deck ผู้ใหญ่ 1,200 เยน / Top Deck Tour 3,000 เยน",ST_HAMAMATSUCHO,15
P_SHINJUKU_GYOEN,สวนสาธารณะชินจูกุเกียวเอ็น,Shinjuku Gyoen National Garden,新宿御苑,Shinjuku,Nature & Park,35.685176,139.710052,สวนสาธารณะขนาดใหญ่เนื้อที่กว่า 144 เอเคอร์ ผสมผสานศิลปะการจัดสวน 3 รูปแบบไว้ด้วยกันอย่างลงตัว ได้แก่ สวนสไตล์ญี่ปุ่นดั้งเดิม สวนสมมาตรสไตล์ฝรั่งเศส และสวนภูมิทัศน์สไตล์อังกฤษ ในช่วงฤดูใบไม้ผลิเป็นจุดชมซากุระยอดนิยมที่มีต้นซากุระกว่าพันต้นหลากสายพันธุ์ และในฤดูใบไม้ร่วงใบไม้จะเปลี่ยนเป็นสีแดงสดใส,"One of Tokyo's largest and most popular national parks, blending three distinct landscape styles: Japanese traditional, English landscape, and French formal. A premier cherry blossom viewing haven in spring.",09:00 - 16:30 (ปิดทุกวันจันทร์),ผู้ใหญ่ 500 เยน,ST_SHINJUKU_GYOEMMAE,5
P_AKIHABARA_ELECTRIC,ย่านเครื่องใช้ไฟฟ้าและอนิเมะอากิฮาบาระ,Akihabara Electric Town,秋葉原電気街,Chiyoda,Shopping & Entertainment,35.699732,139.77138,"ศูนย์กลางวัฒนธรรมโอตาคุ อนิเมะ มังงะ ฟิกเกอร์ และอุปกรณ์อิเล็กทรอนิกส์ระดับโลก บนถนน Chuo-dori เต็มไปด้วยร้านค้าชื่อดัง เช่น Mandarake, Radio Kaikan, Yodobashi Camera รวมถึงคาเฟ่ธีมเมดคาเฟ่ (Maid Cafe) และตู้เกมอาร์เคดหลายชั้น","The global Mecca for otaku pop culture, gaming, anime, manga, retro electronics, and multi-story hobby shops like Mandarake, Radio Kaikan, and maid cafes.",ร้านค้าส่วนใหญ่เปิด 10:00 - 20:00,เดินชมฟรี,ST_AKIHABARA,1
P_TSUKIJI_OUTER,ตลาดปลาสึกิจิ (ตลาดนอก),Tsukiji Outer Market,築地場外市場,Chuo,Food & Market,35.665518,139.770743,ตลาดอาหารสตรีทฟู้ดและวัตถุดิบทางทะเลสดใหม่ใจกลางโตเกียว มีร้านค้าและแผงลอยกว่า 400 ร้าน จำหน่ายซาชิมิสด ข้าวหน้าปลาดิบ (Kaisendon) หอยเชลล์ย่าง ไข่หวานย่างร้อนๆ (Tamagoyaki) และผลไม้ตามฤดูกาล เป็นสวรรค์ของนักชิมที่เปิดให้บริการตั้งแต่เช้าตรู่,"A lively open-air seafood and food haven with hundreds of stalls offering fresh sashimi, grilled oysters, wagyu skewers, tamagoyaki (sweet omelet), and kitchenware.",06:00 - 14:00 (ร้านส่วนใหญ่ปิดวันพุธและอาทิตย์),เข้าชมฟรี,ST_TSUKIJI,4
P_UENO_PARK,สวนอุเอโนะและพิพิธภัณฑ์แห่งชาติ,Ueno Park & National Museum,上野恩賜公園,Taito,Culture & Museum,35.715368,139.77395,สวนสาธารณะขนาดใหญ่ที่มีความสำคัญทางวัฒนธรรม ภายในเป็นที่ตั้งของสระบัวชิโนบาซุ (Shinobazu Pond) สวนสัตว์อุเอโนะซึ่งมีแพนด้าชื่อดัง และพิพิธภัณฑ์ชั้นนำของญี่ปุ่น ได้แก่ พิพิธภัณฑ์แห่งชาติโตเกียว (Tokyo National Museum) และพิพิธภัณฑ์ศิลปะตะวันตกแห่งชาติ (NMWA),"A sprawling cultural park home to prestigious institutions including the Tokyo National Museum, National Museum of Western Art, Shinobazu Lotus Pond, and Ueno Zoo.",05:00 - 23:00 (สวนเปิด) / พิพิธภัณฑ์เปิด 09:30 - 17:00,"เข้าสวนฟรี / ตั๋วเข้าพิพิธภัณฑ์เริ่มต้น 1,000 เยน",ST_UENO,2
P_ROPPONGI_HILLS,รปปงงิฮิลส์และจุดชมวิวโตเกียวซิตี้วิว,Roppongi Hills & Tokyo City View,六本木ヒルズ,Minato,Landmark & Viewpoint,35.660464,139.729249,อาคารมิกซ์ยูสระดับไฮเอนด์ที่มี Mori Tower สูง 54 ชั้น ด้านบนเป็นที่ตั้งของพิพิธภัณฑ์ศิลปะ Mori Art Museum และจุดชมวิว Tokyo City View ที่มองเห็นโตเกียวทาวเวอร์ในมุมมองที่งดงามที่สุดจุดหนึ่งของโตเกียว ด้านล่างมีประติมากรรมแมงมุมยักษ์ Maman และร้านอาหารระดับมิชลิน,"A modern urban complex centered around the 54-story Mori Tower, featuring the acclaimed Mori Art Museum and Tokyo City View indoor/outdoor observation deck with iconic vantage points of Tokyo Tower.",10:00 - 22:00,"จุดชมวิวและพิพิธภัณฑ์ผู้ใหญ่ประมาณ 2,000 เยน",ST_ROPPONGI,3
P_GINZA_SIX,ย่านช้อปปิ้งกินซ่าและห้างกินซ่าซิกซ์,Ginza Shopping District & GINZA SIX,銀座SIX,Chuo,Shopping & Entertainment,35.669611,139.764024,ย่านการค้าสุดหรูหราอันดับหนึ่งของญี่ปุ่น เรียงรายด้วยแฟลกชิปสโตร์ของแบรนด์เนมระดับโลก ห้างสรรพสินค้าเก่าแก่ และห้าง GINZA SIX ที่มีการจัดแสดงงานศิลปะร่วมสมัย เช่น ผลงานโคมฟักทองของ Yayoi Kusama บนดาดฟ้ามีสวนสาธารณะลอยฟ้า Ginza Six Garden,"Tokyo's premier luxury shopping boulevard, home to global flagship boutiques, traditional department stores, and the upscale GINZA SIX complex with contemporary art installations and rooftop garden.",10:30 - 20:30,เข้าชมฟรี,ST_GINZA,2
P_ODAIBA_GUNDAM,โอไดบะและหุ่นยนต์กันดั้มยักษ์ยูนิคอร์น,Odaiba & Unicorn Gundam Statue,お台場 ユニコーンガンダム,Minato,Shopping & Entertainment,35.624444,139.775556,เกาะเทียมริมอ่าวโตเกียว แหล่งรวมความบันเทิงยอดนิยม มีไฮไลต์คือหุ่นยนต์กันดั้มขนาดเท่าของจริง Life-sized Unicorn Gundam สูง 19.7 เมตร หน้าห้าง DiverCity Tokyo Plaza ซึ่งจะมีการแปลงร่างจากโหมด Unicorn เป็น Destroy Mode พร้อมแสดงแสงสีเสียงทุกวัน นอกจากนี้ยังมีสะพานสายรุ้ง (Rainbow Bridge) และเทพีเสรีภาพจำลอง,"A futuristic entertainment island on Tokyo Bay featuring the full-scale 19.7-meter Unicorn Gundam statue outside DiverCity Tokyo Plaza, the scenic Rainbow Bridge, and beachside promenades.",ชมหุ่นยนต์เปิด 24 ชั่วโมง / การแสดงแสงสีเสียงช่วงค่ำ (19:00 - 21:30),ชมฟรี,ST_ODAIBA_KAIHINKOEN,5
