place_id,station_id,walk_time_min,distance_m,exit_info
P_SENSOJI,ST_ASAKUSA,5,350,Exit 1 (Tokyo Metro Ginza Line)
P_TOKYO_SKYTREE,ST_OSHIAGE,2,150,Direct Underground Link to Solamachi
P_SHIBUYA_CROSSING,ST_SHIBUYA,1,50,Hachiko Exit
P_MEIJI_JINGU,ST_HARAJUKU,3,200,Omotesando Exit
P_TOKYO_TOWER,ST_HAMAMATSUCHO,15,1100,North Exit
P_SHINJUKU_GYOEN,ST_SHINJUKU_GYOEMMAE,5,350,Exit 1 (Shinjuku Gate)
P_AKIHABARA_ELECTRIC,ST_AKIHABARA,1,80,Electric Town Exit
P_TSUKIJI_OUTER,ST_TSUKIJI,4,300,Exit 1
P_UENO_PARK,ST_UENO,2,120,Park Exit
P_ROPPONGI_HILLS,ST_ROPPONGI,3,250,Exit 1C (Direct Concourse)
P_GINZA_SIX,ST_GINZA,2,180,Exit A3
P_ODAIBA_GUNDAM,ST_ODAIBA_KAIHINKOEN,5,400,North Exit
P_IMPERIAL_PALACE,ST_TOKYO,10,800,Marunouchi Central Exit
P_TEAMLAB_PLANETS,ST_TOYOSU,10,750,Exit 7 (or 1 min from Shin-Toyosu Station)
P_AMEYOKO,ST_UENO,2,150,Shinobazu Exit
P_TAKESHITA_STREET,ST_HARAJUKU,1,50,Takeshita Exit
P_HAMARIKYU_GARDENS,ST_SHIMBASHI,10,750,Shiodome Exit
P_TOKYO_DOME_CITY,ST_KORAKUEN,3,200,Exit 2
P_TOYOSU_MARKET,ST_SHIJO_MAE,2,100,Direct Covered Pedestrian Concourse
P_OMOTESANDO_HILLS,ST_OMOTESANDO,2,180,Exit A2
