from_station_id,to_station_id,line_id,line_name,duration_min,distance_km
ST_TOKYO,ST_SHIMBASHI,LN_YAMANOTE,JR Yamanote Line,4,1.9
ST_SHIMBASHI,ST_TOKYO,LN_YAMANOTE,JR Yamanote Line,4,1.9
ST_SHIMBASHI,ST_HAMAMATSUCHO,LN_YAMANOTE,JR Yamanote Line,2,1.2
ST_HAMAMATSUCHO,ST_SHIMBASHI,LN_YAMANOTE,JR Yamanote Line,2,1.2
ST_HAMAMATSUCHO,ST_SHIBUYA,LN_YAMANOTE,JR Yamanote Line,14,7.4
ST_SHIBUYA,ST_HAMAMATSUCHO,LN_YAMANOTE,JR Yamanote Line,14,7.4
ST_SHIBUYA,ST_HARAJUKU,LN_YAMANOTE,JR Yamanote Line,2,1.2
ST_HARAJUKU,ST_SHIBUYA,LN_YAMANOTE,JR Yamanote Line,2,1.2
ST_HARAJUKU,ST_SHINJUKU,LN_YAMANOTE,JR Yamanote Line,4,2.4
ST_SHINJUKU,ST_HARAJUKU,LN_YAMANOTE,JR Yamanote Line,4,2.4
ST_SHINJUKU,ST_IKEBUKURO,LN_YAMANOTE,JR Yamanote Line,9,4.8
ST_IKEBUKURO,ST_SHINJUKU,LN_YAMANOTE,JR Yamanote Line,9,4.8
ST_IKEBUKURO,ST_UENO,LN_YAMANOTE,JR Yamanote Line,16,8.1
ST_UENO,ST_IKEBUKURO,LN_YAMANOTE,JR Yamanote Line,16,8.1
ST_UENO,ST_AKIHABARA,LN_YAMANOTE,JR Yamanote Line,3,1.6
ST_AKIHABARA,ST_UENO,LN_YAMANOTE,JR Yamanote Line,3,1.6
ST_AKIHABARA,ST_TOKYO,LN_YAMANOTE,JR Yamanote Line,4,2.0
ST_TOKYO,ST_AKIHABARA,LN_YAMANOTE,JR Yamanote Line,4,2.0
ST_SHIBUYA,ST_GINZA,LN_GINZA,Tokyo Metro Ginza Line,16,6.7
ST_GINZA,ST_SHIBUYA,LN_GINZA,Tokyo Metro Ginza Line,16,6.7
ST_GINZA,ST_SHIMBASHI,LN_GINZA,Tokyo Metro Ginza Line,2,0.9
ST_SHIMBASHI,ST_GINZA,LN_GINZA,Tokyo Metro Ginza Line,2,0.9
ST_GINZA,ST_UENO,LN_GINZA,Tokyo Metro Ginza Line,12,4.5
ST_UENO,ST_GINZA,LN_GINZA,Tokyo Metro Ginza Line,12,4.5
ST_UENO,ST_ASAKUSA,LN_GINZA,Tokyo Metro Ginza Line,5,2.2
ST_ASAKUSA,ST_UENO,LN_GINZA,Tokyo Metro Ginza Line,5,2.2
ST_IKEBUKURO,ST_TOKYO,LN_MARUNOUCHI,Tokyo Metro Marunouchi Line,17,8.7
ST_TOKYO,ST_IKEBUKURO,LN_MARUNOUCHI,Tokyo Metro Marunouchi Line,17,8.7
ST_TOKYO,ST_GINZA,LN_MARUNOUCHI,Tokyo Metro Marunouchi Line,3,1.1
ST_GINZA,ST_TOKYO,LN_MARUNOUCHI,Tokyo Metro Marunouchi Line,3,1.1
ST_GINZA,ST_SHINJUKU_GYOEMMAE,LN_MARUNOUCHI,Tokyo Metro Marunouchi Line,13,5.9
ST_SHINJUKU_GYOEMMAE,ST_GINZA,LN_MARUNOUCHI,Tokyo Metro Marunouchi Line,13,5.9
ST_SHINJUKU_GYOEMMAE,ST_SHINJUKU,LN_MARUNOUCHI,Tokyo Metro Marunouchi Line,3,1.1
ST_SHINJUKU,ST_SHINJUKU_GYOEMMAE,LN_MARUNOUCHI,Tokyo Metro Marunouchi Line,3,1.1
ST_UENO,ST_AKIHABARA,LN_HIBIYA,Tokyo Metro Hibiya Line,3,1.6
ST_AKIHABARA,ST_UENO,LN_HIBIYA,Tokyo Metro Hibiya Line,3,1.6
ST_AKIHABARA,ST_GINZA,LN_HIBIYA,Tokyo Metro Hibiya Line,9,3.7
ST_GINZA,ST_AKIHABARA,LN_HIBIYA,Tokyo Metro Hibiya Line,9,3.7
ST_GINZA,ST_TSUKIJI,LN_HIBIYA,Tokyo Metro Hibiya Line,3,1.4
ST_TSUKIJI,ST_GINZA,LN_HIBIYA,Tokyo Metro Hibiya Line,3,1.4
ST_GINZA,ST_ROPPONGI,LN_HIBIYA,Tokyo Metro Hibiya Line,9,4.1
ST_ROPPONGI,ST_GINZA,LN_HIBIYA,Tokyo Metro Hibiya Line,9,4.1
ST_ASAKUSA,ST_OSHIAGE,LN_ASAKUSA,Toei Asakusa Line,3,1.5
ST_OSHIAGE,ST_ASAKUSA,LN_ASAKUSA,Toei Asakusa Line,3,1.5
ST_SHIMBASHI,ST_ASAKUSA,LN_ASAKUSA,Toei Asakusa Line,14,6.8
ST_ASAKUSA,ST_SHIMBASHI,LN_ASAKUSA,Toei Asakusa Line,14,6.8
ST_SHIBUYA,ST_OSHIAGE,LN_HANZOMON,Tokyo Metro Hanzomon Line,31,15.2
ST_OSHIAGE,ST_SHIBUYA,LN_HANZOMON,Tokyo Metro Hanzomon Line,31,15.2
ST_SHINJUKU,ST_ROPPONGI,LN_OEDO,Toei Oedo Line,9,4.5
ST_ROPPONGI,ST_SHINJUKU,LN_OEDO,Toei Oedo Line,9,4.5
ST_ROPPONGI,ST_HAMAMATSUCHO,LN_OEDO,Toei Oedo Line,6,2.8
ST_HAMAMATSUCHO,ST_ROPPONGI,LN_OEDO,Toei Oedo Line,6,2.8
ST_SHIMBASHI,ST_ODAIBA_KAIHINKOEN,LN_YURIKAMOME,Yurikamome Line,13,5.0
ST_ODAIBA_KAIHINKOEN,ST_SHIMBASHI,LN_YURIKAMOME,Yurikamome Line,13,5.0
ST_ODAIBA_KAIHINKOEN,ST_TOYOSU,LN_YURIKAMOME,Yurikamome Line,16,6.9
ST_TOYOSU,ST_ODAIBA_KAIHINKOEN,LN_YURIKAMOME,Yurikamome Line,16,6.9
